"","reads.in","reads.out"
"NovaAWGB16SAA28117-14-5.assembled.fastq.gz",79445,79340
"NovaAWGB16SAA28118-14-6.assembled.fastq.gz",81273,81144
"NovaAWGB16SAA28119-14-7.assembled.fastq.gz",57796,57725
"NovaAWGB16SAA28120-14-8.assembled.fastq.gz",76561,76447
"NovaAWGB16SAA28121-14-9.assembled.fastq.gz",78522,78391
"NovaAWGB16SAA28122-14-10.assembled.fastq.gz",59655,59535
"NovaAWGB16SAA28123-14-11.assembled.fastq.gz",72348,72210
"NovaAWGB16SAA28124-14-12.assembled.fastq.gz",78339,78211
"NovaAWGB16SAA28125-8-5.assembled.fastq.gz",86102,85975
"NovaAWGB16SAA28126-8-6.assembled.fastq.gz",86868,86734
"NovaAWGB16SAA28127-8-7.assembled.fastq.gz",84482,84354
"NovaAWGB16SAA28128-8-8.assembled.fastq.gz",84138,84022
"NovaAWGB16SAA28129-8-9.assembled.fastq.gz",81145,81022
"NovaAWGB16SAA28130-8-10.assembled.fastq.gz",80002,79886
"NovaAWGB16SAA28131-8-11.assembled.fastq.gz",82658,82516
"NovaAWGB16SAA28132-8-12.assembled.fastq.gz",85505,85373
"NovaAWGB16SAA28133-9-5.assembled.fastq.gz",78654,78546
"NovaAWGB16SAA28134-9-6.assembled.fastq.gz",86542,86420
"NovaAWGB16SAA28135-9-7.assembled.fastq.gz",68823,68738
"NovaAWGB16SAA28136-9-8.assembled.fastq.gz",88971,88872
"NovaAWGB16SAA28137-9-9.assembled.fastq.gz",72227,72141
"NovaAWGB16SAA28138-9-10.assembled.fastq.gz",68467,68375
"NovaAWGB16SAA28139-9-11.assembled.fastq.gz",68865,68765
"NovaAWGB16SAA28140-9-12.assembled.fastq.gz",79409,79314
"NovaAWGB16SAA28141-10-5.assembled.fastq.gz",87413,87318
"NovaAWGB16SAA28142-10-6.assembled.fastq.gz",82262,82157
"NovaAWGB16SAA28143-10-7.assembled.fastq.gz",84451,84362
"NovaAWGB16SAA28144-10-8.assembled.fastq.gz",87299,87209
"NovaAWGB16SAA28145-10-9.assembled.fastq.gz",85729,85631
"NovaAWGB16SAA28146-10-10.assembled.fastq.gz",88494,88367
"NovaAWGB16SAA28147-10-11.assembled.fastq.gz",82243,82124
"NovaAWGB16SAA28148-10-12.assembled.fastq.gz",88333,88242
"NovaAWGB16SAA28149-11-5.assembled.fastq.gz",84978,84894
"NovaAWGB16SAA28150-11-6.assembled.fastq.gz",82763,82648
"NovaAWGB16SAA28151-11-7.assembled.fastq.gz",89667,89560
"NovaAWGB16SAA28152-11-8.assembled.fastq.gz",85626,85551
"NovaAWGB16SAA28153-11-9.assembled.fastq.gz",84805,84717
"NovaAWGB16SAA28154-11-10.assembled.fastq.gz",80152,80040
"NovaAWGB16SAA28155-11-11.assembled.fastq.gz",84467,84338
"NovaAWGB16SAA28156-11-12.assembled.fastq.gz",81958,81873
"NovaAWGB16SAA28157-12-5.assembled.fastq.gz",82671,82569
"NovaAWGB16SAA28158-12-6.assembled.fastq.gz",82345,82212
"NovaAWGB16SAA28159-12-7.assembled.fastq.gz",83542,83441
"NovaAWGB16SAA28160-12-8.assembled.fastq.gz",82137,82037
"NovaAWGB16SAA28161-12-9.assembled.fastq.gz",83896,83787
"NovaAWGB16SAA28162-12-10.assembled.fastq.gz",84903,84786
"NovaAWGB16SAA28163-12-11.assembled.fastq.gz",89543,89397
"NovaAWGB16SAA28164-12-12.assembled.fastq.gz",80712,80607
"NovaAWGB16SAA28165-13-5.assembled.fastq.gz",83535,83409
"NovaAWGB16SAA28166-13-6.assembled.fastq.gz",88879,88713
"NovaAWGB16SAA28167-13-7.assembled.fastq.gz",86843,86701
"NovaAWGB16SAA28168-13-8.assembled.fastq.gz",84264,84127
"NovaAWGB16SAA28169-13-9.assembled.fastq.gz",84744,84623
"NovaAWGB16SAA28170-13-10.assembled.fastq.gz",76988,76858
"NovaAWGB16SAA28171-13-11.assembled.fastq.gz",83968,83804
"NovaAWGB16SAA28172-13-12.assembled.fastq.gz",80723,80603
"NovaAWGB16SAA28173-14-5.assembled.fastq.gz",62388,62291
"NovaAWGB16SAA28174-14-6.assembled.fastq.gz",74295,74157
"NovaAWGB16SAA28175-14-7.assembled.fastq.gz",66443,66344
"NovaAWGB16SAA28176-14-8.assembled.fastq.gz",62823,62741
"NovaAWGB16SAA28177-14-9.assembled.fastq.gz",69949,69847
"NovaAWGB16SAA28178-14-10.assembled.fastq.gz",57004,56903
"NovaAWGB16SAA28179-14-11.assembled.fastq.gz",71908,71783
"NovaAWGB16SAA28180-14-12.assembled.fastq.gz",74212,74100
"NovaAWGB16SAA28181-8-5.assembled.fastq.gz",82031,81928
"NovaAWGB16SAA28182-8-6.assembled.fastq.gz",87887,87732
"NovaAWGB16SAA28183-8-7.assembled.fastq.gz",88344,88195
"NovaAWGB16SAA28184-8-8.assembled.fastq.gz",87940,87797
"NovaAWGB16SAA28185-8-9.assembled.fastq.gz",87978,87872
"NovaAWGB16SAA28186-8-10.assembled.fastq.gz",83871,83726
"NovaAWGB16SAA28187-8-11.assembled.fastq.gz",83030,82888
"NovaAWGB16SAA28188-8-12.assembled.fastq.gz",87671,87534
"NovaAWGB16SAA28189-10-5.assembled.fastq.gz",83605,83509
"NovaAWGB16SAA28190-10-6.assembled.fastq.gz",87496,87397
"NovaAWGB16SAA28191-10-7.assembled.fastq.gz",76702,76634
"NovaAWGB16SAA28192-10-8.assembled.fastq.gz",87594,87507
"NovaAWGB16SAA28193-10-9.assembled.fastq.gz",84480,84388
"NovaAWGB16SAA28194-10-10.assembled.fastq.gz",70774,70682
"NovaAWGB16SAA28195-10-11.assembled.fastq.gz",84422,84307
"NovaAWGB16SAA28196-10-12.assembled.fastq.gz",86833,86740
"NovABWGB16SAB27963-10-5.assembled.fastq.gz",106397,106186
"NovABWGB16SAB27964-10-6.assembled.fastq.gz",68133,68050
"NovABWGB16SAB27965-10-7.assembled.fastq.gz",118588,118372
"NovABWGB16SAB27966-10-8.assembled.fastq.gz",45622,45584
"NovABWGB16SAB27967-10-9.assembled.fastq.gz",67641,67561
"NovABWGB16SAB27968-10-10.assembled.fastq.gz",101209,100983
"NovABWGB16SAB27969-10-11.assembled.fastq.gz",126689,126457
"NovABWGB16SAB27970-10-12.assembled.fastq.gz",59046,58971
"NovABWGB16SAB27971-11-5.assembled.fastq.gz",128659,128446
"NovABWGB16SAB27972-11-6.assembled.fastq.gz",62605,62516
"NovABWGB16SAB27973-11-7.assembled.fastq.gz",117640,117457
"NovABWGB16SAB27974-11-8.assembled.fastq.gz",62370,62312
"NovABWGB16SAB27975-11-9.assembled.fastq.gz",82419,82361
"NovABWGB16SAB27976-11-10.assembled.fastq.gz",114667,114463
"NovABWGB16SAB27977-11-11.assembled.fastq.gz",119037,118842
"NovABWGB16SAB27978-11-12.assembled.fastq.gz",80815,80733
"NovABWGB16SAB27979-12-5.assembled.fastq.gz",86263,86148
"NovABWGB16SAB27980-12-6.assembled.fastq.gz",89750,89585
"NovABWGB16SAB27981-12-7.assembled.fastq.gz",88019,87873
"NovABWGB16SAB27982-12-8.assembled.fastq.gz",83579,83472
"NovABWGB16SAB27983-12-9.assembled.fastq.gz",82571,82476
"NovABWGB16SAB27984-12-10.assembled.fastq.gz",86416,86299
"NovABWGB16SAB27985-12-11.assembled.fastq.gz",83184,83056
"NovABWGB16SAB27986-12-12.assembled.fastq.gz",88209,88078
"NovABWGB16SAB27987-13-5.assembled.fastq.gz",53018,52940
"NovABWGB16SAB27988-13-6.assembled.fastq.gz",67664,67547
"NovABWGB16SAB27989-13-7.assembled.fastq.gz",107445,107194
"NovABWGB16SAB27990-13-8.assembled.fastq.gz",63462,63387
"NovABWGB16SAB27991-13-9.assembled.fastq.gz",85098,84985
"NovABWGB16SAB27992-13-10.assembled.fastq.gz",121975,121627
"NovABWGB16SAB27993-13-11.assembled.fastq.gz",56615,56536
"NovABWGB16SAB27994-13-12.assembled.fastq.gz",85310,85176
"NovABWGB16SAB27995-14-5.assembled.fastq.gz",91914,91640
"NovABWGB16SAB27996-14-6.assembled.fastq.gz",117843,117530
"NovABWGB16SAB27997-14-7.assembled.fastq.gz",98017,97666
"NovABWGB16SAB27998-14-8.assembled.fastq.gz",110073,109760
"NovABWGB16SAB27999-14-9.assembled.fastq.gz",115109,114756
"NovABWGB16SAB28000-14-10.assembled.fastq.gz",91793,91520
"NovABWGB16SAB28001-14-11.assembled.fastq.gz",104024,103688
"NovABWGB16SAB28002-14-12.assembled.fastq.gz",123407,123101
"NovABWGB16SAB28003-8-5.assembled.fastq.gz",72415,72316
"NovABWGB16SAB28004-8-6.assembled.fastq.gz",85807,85640
"NovABWGB16SAB28005-8-7.assembled.fastq.gz",64683,64579
"NovABWGB16SAB28006-8-8.assembled.fastq.gz",87351,87222
"NovABWGB16SAB28007-8-9.assembled.fastq.gz",86260,86125
"NovABWGB16SAB28008-8-10.assembled.fastq.gz",64974,64871
"NovABWGB16SAB28009-8-11.assembled.fastq.gz",78689,78545
"NovABWGB16SAB28010-8-12.assembled.fastq.gz",83516,83388
"NovABWGB16SAB28011-9-5.assembled.fastq.gz",104931,104698
"NovABWGB16SAB28012-9-6.assembled.fastq.gz",49424,49336
"NovABWGB16SAB28013-9-7.assembled.fastq.gz",102254,102049
"NovABWGB16SAB28014-9-8.assembled.fastq.gz",108369,108115
"NovABWGB16SAB28015-9-9.assembled.fastq.gz",45769,45722
"NovABWGB16SAB28016-9-10.assembled.fastq.gz",99842,99581
"NovABWGB16SAB28017-9-11.assembled.fastq.gz",111976,111683
"NovABWGB16SAB28018-9-12.assembled.fastq.gz",53802,53751
"NovABWGB16SAB28019-10-5.assembled.fastq.gz",116471,116271
"NovABWGB16SAB28020-10-6.assembled.fastq.gz",73767,73673
"NovABWGB16SAB28021-10-7.assembled.fastq.gz",103908,103710
"NovABWGB16SAB28022-10-8.assembled.fastq.gz",56863,56794
"NovABWGB16SAB28023-10-9.assembled.fastq.gz",132521,132221
"NovABWGB16SAB28024-10-10.assembled.fastq.gz",110338,110135
"NovABWGB16SAB28025-10-11.assembled.fastq.gz",112631,112408
"NovABWGB16SAB28026-10-12.assembled.fastq.gz",74383,74291
"NovABWGB16SAB28027-11-5.assembled.fastq.gz",128405,128214
"NovABWGB16SAB28028-11-6.assembled.fastq.gz",89112,88973
"NovABWGB16SAB28029-11-7.assembled.fastq.gz",111149,110974
"NovABWGB16SAB28030-11-8.assembled.fastq.gz",46261,46212
"NovABWGB16SAB28031-11-9.assembled.fastq.gz",81035,80945
"NovABWGB16SAB28032-11-10.assembled.fastq.gz",119921,119682
"NovABWGB16SAB28033-11-11.assembled.fastq.gz",55322,55252
"NovABWGB16SAB28034-11-12.assembled.fastq.gz",82798,82726
"NovABWGB16SAB28035-12-5.assembled.fastq.gz",84759,84657
"NovABWGB16SAB28036-12-6.assembled.fastq.gz",87013,86878
"NovABWGB16SAB28037-12-7.assembled.fastq.gz",82772,82669
"NovABWGB16SAB28038-12-8.assembled.fastq.gz",86016,85926
"NovABWGB16SAB28039-12-9.assembled.fastq.gz",82595,82491
"NovABWGB16SAB28040-12-10.assembled.fastq.gz",82123,82004
"NovABWGB16SAB28041-12-11.assembled.fastq.gz",80803,80673
"NovABWGB16SAB28042-12-12.assembled.fastq.gz",80757,80645
"NovABWGB16SAB28043-13-5.assembled.fastq.gz",120039,119734
"NovABWGB16SAB28044-13-6.assembled.fastq.gz",82928,82799
"NovABWGB16SAB28045-13-7.assembled.fastq.gz",128787,128497
