"","group","breed","genotype"
"NovABWGB16SAB27963-10-5","A","Duroc","AA"
"NovABWGB16SAB27964-10-6","A","Duroc","AA"
"NovABWGB16SAB27970-10-12","A","Duroc","AA"
"NovABWGB16SAB27971-11-5","A","Duroc","AA"
"NovABWGB16SAB27972-11-6","A","Duroc","AA"
"NovABWGB16SAB27973-11-7","A","Duroc","AA"
"NovABWGB16SAB27974-11-8","A","Duroc","AA"
"NovABWGB16SAB27975-11-9","A","Duroc","AA"
"NovABWGB16SAB27976-11-10","A","Duroc","AA"
"NovABWGB16SAB27977-11-11","A","Duroc","AA"
"NovABWGB16SAB27978-11-12","A","Duroc","AA"
"NovABWGB16SAB27979-12-5","A","Duroc","AA"
"NovABWGB16SAB27980-12-6","A","Duroc","AA"
"NovABWGB16SAB27981-12-7","A","Duroc","AA"
"NovABWGB16SAB27982-12-8","A","Duroc","AA"
"NovABWGB16SAB27983-12-9","A","Duroc","AA"
"NovABWGB16SAB27984-12-10","A","Duroc","AA"
"NovABWGB16SAB27985-12-11","A","Duroc","AA"
"NovABWGB16SAB27986-12-12","B","Duroc","GA"
"NovABWGB16SAB27987-13-5","B","Duroc","GA"
"NovABWGB16SAB27988-13-6","B","Duroc","GA"
"NovABWGB16SAB27989-13-7","B","Duroc","GA"
"NovABWGB16SAB27965-10-7","B","Duroc","GA"
"NovABWGB16SAB27990-13-8","B","Duroc","GA"
"NovABWGB16SAB27991-13-9","B","Duroc","GA"
"NovABWGB16SAB27992-13-10","B","Duroc","GA"
"NovABWGB16SAB27966-10-8","B","Duroc","GA"
"NovABWGB16SAB27993-13-11","B","Duroc","GA"
"NovABWGB16SAB27994-13-12","B","Duroc","GA"
"NovABWGB16SAB27995-14-5","B","Duroc","GA"
"NovABWGB16SAB27996-14-6","B","Duroc","GA"
"NovABWGB16SAB27997-14-7","B","Duroc","GA"
"NovABWGB16SAB27998-14-8","B","Duroc","GA"
"NovABWGB16SAB27999-14-9","B","Duroc","GA"
"NovABWGB16SAB28000-14-10","B","Duroc","GA"
"NovABWGB16SAB28001-14-11","B","Duroc","GA"
"NovABWGB16SAB28002-14-12","B","Duroc","GA"
"NovABWGB16SAB28003-8-5","B","Duroc","GA"
"NovABWGB16SAB27967-10-9","B","Duroc","GA"
"NovABWGB16SAB27968-10-10","B","Duroc","GA"
"NovABWGB16SAB28004-8-6","B","Duroc","GA"
"NovABWGB16SAB28005-8-7","C","Duroc","GG"
"NovABWGB16SAB28006-8-8","C","Duroc","GG"
"NovABWGB16SAB28007-8-9","C","Duroc","GG"
"NovABWGB16SAB28008-8-10","C","Duroc","GG"
"NovABWGB16SAB28009-8-11","C","Duroc","GG"
"NovABWGB16SAB27969-10-11","C","Duroc","GG"
"NovABWGB16SAB28010-8-12","C","Duroc","GG"
"NovABWGB16SAB28039-12-9","C","Duroc","GG"
"NovABWGB16SAB28011-9-5","C","Duroc","GG"
"NovABWGB16SAB28012-9-6","C","Duroc","GG"
"NovABWGB16SAB28040-12-10","C","Duroc","GG"
"NovABWGB16SAB28013-9-7","C","Duroc","GG"
"NovABWGB16SAB28014-9-8","C","Duroc","GG"
"NovABWGB16SAB28015-9-9","C","Duroc","GG"
"NovABWGB16SAB28016-9-10","C","Duroc","GG"
"NovABWGB16SAB28041-12-11","C","Duroc","GG"
"NovABWGB16SAB28017-9-11","C","Duroc","GG"
"NovABWGB16SAB28042-12-12","C","Duroc","GG"
"NovABWGB16SAB28043-13-5","C","Duroc","GG"
"NovABWGB16SAB28044-13-6","C","Duroc","GG"
"NovABWGB16SAB28018-9-12","B","Yorkshire","GA"
"NovABWGB16SAB28019-10-5","B","Yorkshire","GA"
"NovABWGB16SAB28020-10-6","B","Yorkshire","GA"
"NovABWGB16SAB28021-10-7","B","Yorkshire","GA"
"NovABWGB16SAB28022-10-8","B","Yorkshire","GA"
"NovABWGB16SAB28023-10-9","B","Yorkshire","GA"
"NovABWGB16SAB28024-10-10","B","Yorkshire","GA"
"NovABWGB16SAB28025-10-11","B","Yorkshire","GA"
"NovABWGB16SAB28026-10-12","B","Yorkshire","GA"
"NovABWGB16SAB28027-11-5","B","Yorkshire","GA"
"NovABWGB16SAB28028-11-6","B","Yorkshire","GA"
"NovABWGB16SAB28029-11-7","B","Yorkshire","GA"
"NovABWGB16SAB28030-11-8","B","Yorkshire","GA"
"NovABWGB16SAB28031-11-9","B","Yorkshire","GA"
"NovABWGB16SAB28032-11-10","B","Yorkshire","GA"
"NovABWGB16SAB28033-11-11","B","Yorkshire","GA"
"NovABWGB16SAB28034-11-12","B","Yorkshire","GA"
"NovABWGB16SAB28035-12-5","B","Yorkshire","GA"
"NovABWGB16SAB28045-13-7","B","Yorkshire","GA"
"NovABWGB16SAB28036-12-6","C","Yorkshire","GG"
"NovABWGB16SAB28037-12-7","C","Yorkshire","GG"
"NovABWGB16SAB28038-12-8","C","Yorkshire","GG"
"NovaAWGB16SAA28122-14-10","C","Yorkshire","GG"
"NovaAWGB16SAA28117-14-5","C","Yorkshire","GG"
"NovaAWGB16SAA28123-14-11","C","Yorkshire","GG"
"NovaAWGB16SAA28124-14-12","C","Yorkshire","GG"
"NovaAWGB16SAA28118-14-6","C","Yorkshire","GG"
"NovaAWGB16SAA28119-14-7","C","Yorkshire","GG"
"NovaAWGB16SAA28125-8-5","C","Yorkshire","GG"
"NovaAWGB16SAA28126-8-6","C","Yorkshire","GG"
"NovaAWGB16SAA28127-8-7","C","Yorkshire","GG"
"NovaAWGB16SAA28128-8-8","C","Yorkshire","GG"
"NovaAWGB16SAA28129-8-9","C","Yorkshire","GG"
"NovaAWGB16SAA28130-8-10","C","Yorkshire","GG"
"NovaAWGB16SAA28131-8-11","C","Yorkshire","GG"
"NovaAWGB16SAA28132-8-12","C","Yorkshire","GG"
"NovaAWGB16SAA28133-9-5","C","Yorkshire","GG"
"NovaAWGB16SAA28134-9-6","C","Yorkshire","GG"
"NovaAWGB16SAA28135-9-7","C","Yorkshire","GG"
"NovaAWGB16SAA28136-9-8","B","Landrace","GA"
"NovaAWGB16SAA28137-9-9","B","Landrace","GA"
"NovaAWGB16SAA28138-9-10","B","Landrace","GA"
"NovaAWGB16SAA28139-9-11","B","Landrace","GA"
"NovaAWGB16SAA28140-9-12","B","Landrace","GA"
"NovaAWGB16SAA28141-10-5","B","Landrace","GA"
"NovaAWGB16SAA28142-10-6","B","Landrace","GA"
"NovaAWGB16SAA28143-10-7","B","Landrace","GA"
"NovaAWGB16SAA28144-10-8","B","Landrace","GA"
"NovaAWGB16SAA28145-10-9","B","Landrace","GA"
"NovaAWGB16SAA28146-10-10","B","Landrace","GA"
"NovaAWGB16SAA28147-10-11","B","Landrace","GA"
"NovaAWGB16SAA28120-14-8","B","Landrace","GA"
"NovaAWGB16SAA28148-10-12","B","Landrace","GA"
"NovaAWGB16SAA28149-11-5","B","Landrace","GA"
"NovaAWGB16SAA28150-11-6","B","Landrace","GA"
"NovaAWGB16SAA28151-11-7","B","Landrace","GA"
"NovaAWGB16SAA28152-11-8","B","Landrace","GA"
"NovaAWGB16SAA28194-10-10","B","Landrace","GA"
"NovaAWGB16SAA28153-11-9","B","Landrace","GA"
"NovaAWGB16SAA28154-11-10","B","Landrace","GA"
"NovaAWGB16SAA28155-11-11","B","Landrace","GA"
"NovaAWGB16SAA28156-11-12","B","Landrace","GA"
"NovaAWGB16SAA28157-12-5","C","Landrace","GG"
"NovaAWGB16SAA28158-12-6","C","Landrace","GG"
"NovaAWGB16SAA28159-12-7","C","Landrace","GG"
"NovaAWGB16SAA28160-12-8","C","Landrace","GG"
"NovaAWGB16SAA28161-12-9","C","Landrace","GG"
"NovaAWGB16SAA28162-12-10","C","Landrace","GG"
"NovaAWGB16SAA28163-12-11","C","Landrace","GG"
"NovaAWGB16SAA28164-12-12","C","Landrace","GG"
"NovaAWGB16SAA28165-13-5","C","Landrace","GG"
"NovaAWGB16SAA28166-13-6","C","Landrace","GG"
"NovaAWGB16SAA28121-14-9","C","Landrace","GG"
"NovaAWGB16SAA28167-13-7","C","Landrace","GG"
"NovaAWGB16SAA28168-13-8","C","Landrace","GG"
"NovaAWGB16SAA28193-10-9","C","Landrace","GG"
"NovaAWGB16SAA28169-13-9","C","Landrace","GG"
"NovaAWGB16SAA28170-13-10","C","Landrace","GG"
"NovaAWGB16SAA28171-13-11","C","Landrace","GG"
"NovaAWGB16SAA28172-13-12","C","Landrace","GG"
"NovaAWGB16SAA28173-14-5","C","Landrace","GG"
"NovaAWGB16SAA28174-14-6","C","Landrace","GG"
"NovaAWGB16SAA28175-14-7","C","Landrace","GG"
"NovaAWGB16SAA28176-14-8","C","Landrace","GG"
"NovaAWGB16SAA28177-14-9","C","Landrace","GG"
"NovaAWGB16SAA28178-14-10","C","Landrace","GG"
"NovaAWGB16SAA28179-14-11","C","Landrace","GG"
"NovaAWGB16SAA28180-14-12","C","Landrace","GG"
"NovaAWGB16SAA28181-8-5","C","Landrace","GG"
"NovaAWGB16SAA28182-8-6","C","Landrace","GG"
"NovaAWGB16SAA28183-8-7","C","Landrace","GG"
"NovaAWGB16SAA28184-8-8","C","Landrace","GG"
"NovaAWGB16SAA28185-8-9","C","Landrace","GG"
"NovaAWGB16SAA28186-8-10","C","Landrace","GG"
"NovaAWGB16SAA28187-8-11","C","Landrace","GG"
"NovaAWGB16SAA28188-8-12","C","Landrace","GG"
"NovaAWGB16SAA28189-10-5","C","Landrace","GG"
"NovaAWGB16SAA28195-10-11","C","Landrace","GG"
"NovaAWGB16SAA28196-10-12","C","Landrace","GG"
"NovaAWGB16SAA28190-10-6","C","Landrace","GG"
"NovaAWGB16SAA28191-10-7","C","Landrace","GG"
"NovaAWGB16SAA28192-10-8","C","Landrace","GG"
